ID,Language,MWE,Previous,Target,Next,Label,PredLabel_ZeroShot
ML_1,ML,കണ്ടു കേൾക്കുക,ഗ്രാമത്തിലെ പ്രശ്‌നങ്ങളെ കുറിച്ച് അദ്ദേഹം എപ്പോഴും ശ്രദ്ധിച്ചു കേട്ടിരുന്ന ഒരാളാണ്.,"പഠിച്ചും കണ്ടു കേൾക്കുകയും ചെയ്‌തതിനാൽ, അവസ്ഥയുടെ ഓരോ ഭാഗവും അദ്ദേഹത്തിന് വ്യക്തമാണ്.","ആ അനുഭവങ്ങൾക്ക് നന്ദി, ഇപ്പോൾ അദ്ദേഹം മറ്റുള്ളവർക്ക് ശരിയായ ഉപദേശം നൽകാൻ കഴിയുന്നു.",1,1
ML_2,ML,ആകാശത്ത് താറാവ് പറന്നാൽ,അവൻ എപ്പോഴും ഒരുദിവസം ഭാഗ്യം തനിക്ക് ലഭിക്കും എന്ന് കരുതാറുണ്ട്.,ലോട്ടറി കിട്ടിയാൽ അവന്റെ ജീവിതം ആകാശത്ത് താറാവ് പറന്നാൽ എന്നപോലെ മാറിപ്പോകും.,"അത് വരെ, അവൻ പതുക്കെ പരിശ്രമിച്ച് മുന്നോട്ട് പോകുകയാണ്.",1,0
ML_3,ML,കണ്ണിൽ കുളിച്ചാൽ,കുടുംബത്തെ കുറിച്ചുള്ള വിഷയങ്ങൾ സദാ അവന്റെ മനസ്സിന് വളരെ പ്രിയമാണ്.,ഈ പ്രശ്‌നം കണ്ണിൽ കുളിച്ചാൽ എന്നപോലെ അവന്റെ മനസ്സിലേയ്ക്ക് നേരെ തൊടുന്ന ഒന്നാണ്.,അതുകൊണ്ട് തന്നെയാണ് അദ്ദേഹം ഇതിനെക്കുറിച്ച് ഇങ്ങനെയൊരു വികാരത്തോടെ പ്രതികരിച്ചത്.,1,0
ML_4,ML,മുട്ടിനെ തട്ടുക,"വർഷങ്ങളോളം മറ്റുള്ളവർക്കായി ജോലി ചെയ്തതിനു ശേഷം, തന്റെ കഴിവുകൾ ഉപയോഗിക്കണം എന്ന് അവൻ തീരുമാനിച്ചു.",ധൈര്യം കൂടി അവൻ മുട്ടിനെ തട്ടുകയും സ്വന്തം ബിസിനസ് തുടങ്ങുകയും ചെയ്തു.,ആ തീരുമാനം അവന്റെ ജീവിതത്തിൽ വലിയ മാറ്റം കൊണ്ടുവന്നു.,1,0
ML_5,ML,കണ്ണീരൊഴുക്കുക,സിനിമയിലെ അമ്മ-മകന്‍ രംഗങ്ങൾ അവളുടെ മനസ്സിനെ ആഴത്തിൽ തൊട്ടു.,അതുകൊണ്ടുതന്നെ അവൾ കണ്ണീരൊഴുക്കാതെ ഇരിക്കാനായില്ല.,പിന്നീട് പോലും ആ രംഗം അവളുടെ മനസ്സിൽ വീണ്ടും വീണ്ടും ഓർമ്മയായി.,1,0
ML_6,ML,വെള്ളം കയറി,പ്രോജക്റ്റിന്റെ സമയപരിധി അടുത്തപ്പോൾ അവൻ വളരെ സമ്മർദ്ദത്തിലായിരുന്നു.,എന്ത് ചെയ്താലും തീരില്ലെന്ന് തോന്നിയപ്പോൾ അവനു വെള്ളം കയറുകയായിരുന്നു.,"അവസാനം, കൂട്ടുകാരുടെ സഹായത്തോടെ ജോലി പൂർത്തിയാക്കാൻ അവനായി.",1,0
ML_7,ML,പൂവിന്റെ മണം,സംസാരിച്ചാൽ തന്നെ എല്ലാവർക്കും സന്തോഷം നൽകുന്ന ഒരു പെൺകുട്ടിയായിരുന്നു അവൾ.,അവളുടെ പുഞ്ചിരി പൂവിന്റെ മണം പോലെ എല്ലായിടത്തും സന്തോഷം പരത്തും.,അവൾ വരുമ്പോൾ അന്തരീക്ഷം തന്നെ മാറ്റം പ്രാപിക്കും.,1,1
ML_8,ML,കണ്ണിൽ കുളിക്കുക,കുഞ്ഞുകാലത്തെ ഓർമ്മകൾ അവന്റെ ജീവിതത്തിൽ വളരെ പ്രത്യേക സ്ഥാനമാണ് വഹിക്കുന്നത്.,ഒരു പ്രത്യേക ഓർമ്മ കണ്ണിൽ കുളിക്കുന്നതുപോലെ അവന്റെ മനസിനെ പുതുമയോടെ നിറച്ചിരുന്നു.,അതിനെക്കുറിച്ച് സംസാരിക്കുമ്പോൾ പോലും അവന്റെ മുഖത്ത് ഒരു തിളക്കം കാണാമായിരുന്നു.,1,1
ML_9,ML,പുഴയിൽ ഒഴുകുക,ജീവിതം എപ്പോഴും നമുക്ക് ഇഷ്ടപ്പെട്ട വഴിയിലൂടെ പോകണമെന്നില്ല.,ചിലപ്പോൾ പുഴയിൽ ഒഴുകുക എന്നപോലെ ജീവിതം കൊണ്ടുപോകുന്ന വഴിയെ സ്വീകരിക്കേണ്ടി വരും.,അങ്ങനെ ചെയ്തപ്പോൾ കാര്യങ്ങൾ സ്വാഭാവികമായി ശരിയായ ദിശയിൽ നീങ്ങുന്നതായി അദ്ദേഹം കണ്ടു.,1,1
ML_10,ML,തലപൊക്കുക,"വർഷങ്ങളോളം കഷ്ടപ്പെട്ടെങ്കിലും, അവൻ ഒരിക്കലും കൈവിട്ടില്ല.",അവസാനം പരിശ്രമത്തിന്റെ ഫലം കണ്ടപ്പോൾ അവൻ തലപൊക്കാൻ തുടങ്ങി.,അത് കുടുംബത്തിനും അഭിമാന നിമിഷമായി.,1,0
ML_11,ML,ചെവിയിൽ വീഴുക,അവൾ ദിവസങ്ങളായി തന്റെ പ്രശ്നങ്ങളെക്കുറിച്ച് വിശദീകരിച്ചിരുന്നു.,എന്നാൽ ഇന്നാണ് അവളുടെ വാക്കുകൾ അവന്റെ ചെവിയിൽ വീണത്.,അതിനു ശേഷം അവൻ കാര്യങ്ങൾ കൂടുതൽ ഗൗരവമായി എടുക്കാൻ തുടങ്ങി.,1,0
ML_12,ML,കൈകൊടുക്കുക,പ്രശ്നം കേട്ടയുടൻ അവൻ ഒരു നിമിഷം പോലും വൈകിച്ചില്ല.,അവൻ ഉടൻ തന്നെ സുഹൃത്തിനുവേണ്ടി കൈകൊടുത്തു.,അത് അവരുടെ സൗഹൃദം കൂടുതൽ ശക്തമാക്കി.,1,0
ML_13,ML,വെട്ടിലാകുക,പ്രതീക്ഷിച്ചിരുന്നതിനെക്കാൾ കൂടുതൽ പ്രോജക്റ്റുകൾ ഒരുമിച്ചു വന്നപ്പോൾ.,അവൾ പെട്ടെന്ന് തന്നെ വെട്ടിലായി.,പക്ഷേ അവൾ നല്ല പ്ലാനിംഗ് കൊണ്ട് അവയെല്ലാം നിയന്ത്രിച്ചു.,1,0
ML_14,ML,തലപൊട്ടിക്കുക,പരീക്ഷയിൽ മോശം ഫലം വന്നപ്പോൾ അവൻ നിരാശനായി.,അവൻ തെറ്റിനുള്ള കാരണം കണ്ടെത്താൻ തലപൊട്ടിച്ചു.,അവസാനം പ്രശ്‌നം ശരിയായ പഠനരീതിയുടെ അഭാവമാണെന്ന് മനസ്സിലാക്കി.,1,0
ML_15,ML,കാഴ്ചവെക്കുക,മത്സരത്തിന് മുമ്പ് എല്ലാവരും അവനെ കുറച്ചുകൂട്ടി നിരീക്ഷിച്ചു.,പക്ഷേ സ്റ്റേജിൽ കയറിയപ്പോൾ അവൻ തൻ്റെ കഴിവ് കാഴ്ചവെച്ചു.,അവന്റെ പ്രകടനം എല്ലാവരെയും ഞെട്ടിച്ചു.,1,0
ML_16,ML,കൈ നീട്ടുക,അദ്ദേഹം ഒറ്റക്ക് ആ പ്രശ്‌നം കൈകാര്യം ചെയ്യാൻ ശ്രമിച്ചു.,പക്ഷേ അവസാനം സുഹൃത്തുക്കളോട് കൈ നീട്ടേണ്ടി വന്നു.,അവർ ചേർന്ന് കാര്യങ്ങൾ അതിവേഗം തീർത്തു.,1,0
ML_17,ML,ചെവികൊടുക്കുക,അവൾ ദിവസങ്ങളായി തന്റെ അനുഭവങ്ങൾ പങ്കിടാൻ ശ്രമിച്ചിരുന്നു.,അവൻ ഒടുവിൽ സമയം കണ്ടെത്തി അവൾക്ക് ചെവികൊടുത്തു.,ഇതിലൂടെ അവള്ക്ക് വളരെ ആശ്വാസമായി.,1,0
ML_18,ML,കണ്ണ് തുറക്കുക,ജീവിതത്തിൽ ചെറിയ കാര്യങ്ങൾ പോലും അവൻ കാണാതെ പോകുന്നുണ്ടായിരുന്നു.,ഒരു സംഭവമാണ് അവനെ കണ്ണ് തുറക്കാൻ പ്രേരിപ്പിച്ചത്.,ഇതിനു ശേഷം അവൻ കാര്യങ്ങളെ കൂടുതൽ ശ്രദ്ധയോടെ കാണാൻ തുടങ്ങി.,1,1
ML_19,ML,തല ചായ്ക്കുക,കഠിനമായ ചോദ്യം വന്നപ്പോൾ അവൾ കുറച്ച് ആശങ്കയായി.,പക്ഷേ മറുപടി കേട്ടപ്പോൾ അവൾ അംഗീകാരം പ്രകടിപ്പിച്ച് തല ചായച്ചു.,അവളുടെ പുഞ്ചിരി സമ്മതത്തിന്റെ അടയാളമായിരുന്നു.,1,0
ML_20,ML,പല്ലു കടിക്കുക,ബാധകൾ ഒന്നിനൊന്ന് വന്നപ്പോൾ.,അവൻ ശക്തമായി പല്ലു കടിച്ച് മുന്നോട്ട് പോവാൻ തീരുമാനിച്ചു.,അവന്റെ ധൈര്യം എല്ലാവർക്കും പ്രചോദനമായി.,1,0
ML_21,ML,കൈയൊഴുകുക,പലതവണ ശ്രമിച്ചിട്ടും ഒന്നും ശരിയാകാതെ വന്നപ്പോൾ.,അവൾ ഒരു നിമിഷം കൈയൊഴിയാൻ പോയി.,പക്ഷേ സുഹൃത്തിന്റെ പ്രേരണ അവളെ വീണ്ടും ശ്രമിക്കാനായി പ്രേരിപ്പിച്ചു.,1,0
ML_22,ML,മൂക്ക് പൊങ്ങുക,നാടകം കണ്ടവർ എല്ലാവരും അവനെ പ്രശംസിച്ചു.,അത് കേട്ടപ്പോൾ അവന്റെ മൂക്ക് പൊങ്ങി.,പിന്നീട് കുടുംബം അവനെ നന്നായി താഴെയിറക്കി.,1,0
ML_23,ML,കണ്ണിറുക്കുക,അവൻ ചെയ്ത ചെറിയ പിഴവ് ആരും ശ്രദ്ധിച്ചില്ലെന്ന് തോന്നി.,പക്ഷേ അധ്യാപകൻ എല്ലാം കണ്ടെന്നും ഒരു കണ്ണിറുക്കുകയുമായിരുന്നു.,അത് അവനെ വളരെ ലജ്ജിപ്പിച്ചു.,1,0
ML_24,ML,പാടുപെടുക,പുതിയ ജോലി ആദ്യത്തിൽ വളരെ ബുദ്ധിമുട്ടായിരുന്നു.,അവൾ ദിവസവും പാടുപെട്ട് അതിൽ പുരോഗതി ഉണ്ടാക്കി.,പിന്നീട് എല്ലാവരും അവളുടെ വൈകാരികതയെ പ്രശംസിച്ചു.,1,0
ML_25,ML,തലയിൽ പൊങ്ങുക,അവളെ എല്ലാവരും പ്രശംസിച്ചപ്പോൾ അവൾക്ക് വലിയ സന്തോഷം ഉണ്ടായി.,രംഗത്തിൽ എല്ലാവരും കൈയടി ചെയ്തപ്പോൾ അവളുടെ തലയിൽ പൊങ്ങി.,പിന്നീട് അധ്യാപകൻ അവളെ ശാന്തമാക്കാൻ ശ്രമിച്ചു.,1,1
ML_26,ML,വാക്ക് തിന്നുക,അവൻ എല്ലാവർക്കുമുന്നിൽ വലിയ പ്രസ്താവനകൾ നടത്തി.,പിന്നീട് കാര്യങ്ങൾ തെറ്റിപ്പോയപ്പോൾ അവൻ വാക്ക് തിന്നേണ്ടിവന്നു.,അത് അവനെ കുറച്ച് ലജ്ജിപ്പിച്ചു.,1,0
ML_27,ML,വെള്ളം വിട്ടുക,പ്രശ്‌നങ്ങൾ കയറിയപ്പോൾ എല്ലാവരും അവനെ നോക്കി.,പക്ഷേ അവൻ ഭയപ്പെടാതെ വെള്ളം വിട്ടു കാര്യങ്ങൾ കൈകാര്യം ചെയ്തു.,അതുകണ്ട് മറ്റുള്ളവർക്ക് ആത്മവിശ്വാസം ലഭിച്ചു.,1,0
ML_28,ML,പുളിച്ചു പോകുക,അവൾക്ക് പ്രതീക്ഷിച്ച പ്രമോഷൻ മറ്റൊരാൾക്കു ലഭിച്ചു.,അത് കേട്ടപ്പോൾ അവൾ പുളിച്ചു പോയി.,പിന്നീട് അവൾ അതിനെ മറികടന്ന് തന്റെ ജോലിയിൽ ശ്രദ്ധിച്ചു.,1,0
ML_29,ML,ചക്കര കൊടുക്കുക,കുട്ടി നിരാശനായി നിൽക്കുന്നത് കണ്ടപ്പോൾ.,അമ്മ അവന്റെ മനസിൽ ചക്കര കൊടുക്കുന്നപോലെ ചില സാന്ത്വനവാക്കുകൾ പറഞ്ഞു.,ആ വാക്കുകൾ കേട്ട് കുട്ടി ശാന്തമായി.,1,0
ML_30,ML,തലയിടുക,അതേ തെറ്റു വീണ്ടും ആവർത്തിക്കാതിരിക്കാനായിരുന്നു അവന്റെ ശ്രമം.,പക്ഷേ അവൻ മറ്റൊരാളുടെ കാര്യം കേട്ട് കാര്യത്തിൽ തലയിട്ട്.,അവസാനം അത് അവനെ തന്നെ ബുദ്ധിമുട്ടിച്ചു.,1,0
ML_31,ML,കൈ വെട്ടുക,അവൾ തന്റെ ജോലിയെക്കുറിച്ച് ശ്രദ്ധിച്ചു ഇരിക്കുകയായിരുന്നു.,പക്ഷേ മറ്റുള്ളവർ ചെറിയ കാര്യങ്ങൾക്കായി കൈ വെട്ടാൻ തുടങ്ങി.,അത് അവളെ വളരെ കോപത്തിലാക്കി.,1,0
ML_32,ML,നിറം മാറുക,അപ്രതീക്ഷിതമായി ചോദ്യം കേട്ടപ്പോള്.,അവന്റെ മുഖം നിറം മാറി.,എങ്കിലും അദ്ദേഹം മറുപടി നൽകാൻ ശ്രമിച്ചു.,1,0
ML_33,ML,കണ്ണ് മുളയ്ക്കുക,പുതിയ ഫോൺ കണ്ടപ്പോഴെല്ലാം.,അവന്റെ കണ്ണ് മുളയ്ക്കും.,പക്ഷേ വില കാരണം വാങ്ങുന്നത് ഒഴിവാക്കും.,1,0
ML_34,ML,കൈ കത്തിക്കുക,പുതിയ സ്റ്റോക്കിൽ പണം വെക്കാൻ എല്ലാവരും പ്രേരിപ്പിച്ചു.,പക്ഷേ അവൻ കൈ കത്തിക്കാതിരിക്കാൻ ശാന്തമായി ചിന്തിച്ചു.,അവന്റെ തീരുമാനം പിന്നീടാണ് ശരി എന്ന് തെളിഞ്ഞത്.,1,1
ML_35,ML,നാവ് തിരിയുക,കഷ്ടസമയത്ത് എന്ത് പറയണമെന്ന് അവൾ അറിയാതെ.,പല വാക്കുകളും പറയാൻ ശ്രമിച്ചെങ്കിലും നാവ് തിരിഞ്ഞു പോയി.,ചില നിമിഷങ്ങൾക്കു ശേഷം മാത്രമാണ് അവൾ ശരിയായി സംസാരിച്ചത്.,1,0
ML_36,ML,കൈ കഴുകുക,പാടത്ത് ജോലി ചെയ്തതിനു ശേഷം അവൻ വളരെ മലിനമായിരുന്നു.,അവൻ വീട്ടിലെത്തി കൈ കഴുകി ശുദ്ധമാക്കി.,ശേഷം ഭക്ഷണം കഴിക്കാൻ ഇരുന്നു.,0,0
ML_37,ML,കാൽ തെറ്റുക,പടികൾ ഇറങ്ങുമ്പോൾ അവൻ ശ്രദ്ധിച്ചില്ല.,അവന്റെ കാൽ തെറ്റി താഴേക്ക് വീണു.,പക്ഷേ പരിക്ക് ഗുരുതരമായിരുന്നില്ല.,0,0
ML_38,ML,കണ്ണു അടയ്ക്കുക,വെളിച്ചം വളരെ കഠിനമായി തെളിഞ്ഞിരുന്നു.,അവൾ കണ്ണു അടച്ച് അവിടെ നിന്ന് മാറി.,ശേഷം നിഴലുള്ള വഴിയിലേക്കാണ് അവൾ നടന്നത്.,0,0
ML_39,ML,മുഖം ചായ്ക്കുക,കാറ്റിൽ മണ്ണുതൂവൽ ഉയർന്നിരുന്നു.,അവൻ മുഖം ചായ്ക്കി പൊടി ഒഴുവാക്കി.,പിന്നീട് യാത്ര തുടരുകയായിരുന്നു.,0,0
ML_40,ML,വാല് പിടിക്കുക,പട്ടി പുറത്തേക്ക് ഓടിപ്പോകുമെന്ന് തോന്നി.,കുട്ടി അതിന്റെ വാൽ പിടിച്ചു നിർത്തി.,പിന്നീട് അമ്മ അതിനെ ശാന്തമായി അകത്തേക്കു കൊണ്ടുപോയി.,0,0
ML_41,ML,ചെവി പൂട്ടുക,ബാഹ്യ ശബ്ദം വളരെ വല്ലാതെ കേട്ടപ്പോൾ.,അവൾ ചെവി പൂട്ടി ശാന്തമായി ഇരിക്കാൻ നോക്കി.,ചില നിമിഷങ്ങൾക്കുശേഷം ശബ്ദം കുറഞ്ഞു.,0,0
ML_42,ML,കൈ നീട്ടുക,ടേബിളിൽ കിടക്കുന്ന പുസ്തകം എടുക്കുകയായിരുന്നു ലക്ഷ്യം.,അവൻ കൈ നീട്ടി പുസ്തകം എടുത്തു.,അത് തുറന്ന് വായിക്കാൻ തുടങ്ങി.,0,0
ML_43,ML,ചെവിയിൽ തൂക്കുക,പുതിയ ചെവിയിൽ തൂക്കുന്ന മോതിരം പരീക്ഷിക്കാൻ അവൾ ആഗ്രഹിച്ചു.,അവൾ മോതിരം ചെവിയിൽ തൂക്കി കണ്ണാടിയിൽ നോക്കി.,അവൾക്ക് അത് വളരെയിഷ്ടമായി.,0,0
ML_44,ML,വായ തുറക്കുക,തീവ്രമായ ചൂടിന് ശേഷം തണുത്ത കാറ്റ് തോന്നി.,ആശ്വാസത്തോടെ അവൻ വായ തുറന്ന് ആഴത്തിൽ ശ്വാസമെടുത്തു.,അവന്റെ മുഖത്ത് ഒരു ശാന്തത വരികയും ചെയ്തു.,0,1
ML_45,ML,കാൽ നീട്ടുക,വളരെ നേരം ഇരുന്ന ശേഷം കാലുകൾ മുറുകിപ്പോയിരുന്നു.,അവൾ കാൽ നീട്ടി ആശ്വാസത്തോടെ ചായ്ച്ചു.,ശേഷം വീണ്ടും ജോലി തുടർന്നു.,0,0
ML_46,ML,കണ്ണു തുറക്കുക,സൂര്യപ്രകാശം മുറിയിൽ പതിച്ചപ്പോൾ.,കുഞ്ഞ് धीरे धीरे കണ്ണു തുറന്നു.,അമ്മ അവനെ സ്നേഹത്തോടെ എടുത്തു.,0,0
ML_47,ML,പല്ലു കാണിക്കുക,കുട്ടി ഫോട്ടോയ്ക്ക് പോസ് കൊടുക്കുകയായിരുന്നു.,അമ്മ പറഞ്ഞു ‘ചിരിച്ചോളൂ’ എന്നപ്പോൾ അവൻ പല്ലു കാണിച്ചു.,ഫോട്ടോ വളരെ മനോഹരമായി വന്നു.,0,0
ML_48,ML,മുടി梳ക്കുക,അവൾ രാവിലെ സ്കൂളിന് തയ്യാറാകുകയായിരുന്നു.,അവൾ മുടി梳ക്കിയും ക്ലിപ്പ് വെച്ചു.,അമ്മ അവളുടെ നീറ്റിയ രൂപം കണ്ടു സന്തോഷിച്ചു.,0,0
ML_49,ML,കാൽ മുക്കുക,മഴ കഴിഞ്ഞ് ചെറിയ കുളം രൂപപ്പെട്ടു.,കുട്ടികൾ കളിക്കുമ്പോൾ അവരുടെ കാൽ വെള്ളത്തിൽ മുക്കി.,അവർ വളരെ സന്തോഷിച്ചു.,0,0
ML_50,ML,മുഖം കഴുകുക,പടിയിൽ നിന്നുയർന്നപ്പോൾ ചോരയും പൊടിയും മുഖത്ത് പറ്റിയിരുന്നു.,അവൻ അടുക്കളയിൽ ചെന്നു മുഖം കഴുകി.,പിന്നീട് തണുത്ത വെള്ളം കുടിച്ചു ശാന്തമായി.,0,1
