ID,Metaphor_Used,Prev_Sentence,Target_Sentence,Final_Sentence,Label,Prediction,Correct
1,ਕਾਰ ਵਿਚ ਅੱਗ ਲੱਗ ਜਾਣਾ,ਚਾਹ ਕਾਫ਼ੀ ਠੰਢੀ ਹੋ ਚੁੱਕੀ ਸੀ।,"ਕਾਰ ਵਿਚ ਅੱਗ ਲੱਗ ਜਾਣਾ ਸੱਚਮੁੱਚ ਹੋਇਆ ਸੀ, ਜਿਵੇਂ ਕਿ ਲੋਕ ਕਹਿੰਦੇ ਹਨ।",ਫਿਰ ਉਸਨੇ ਘਰ ਜਾਣ ਦਾ ਫੈਸਲਾ ਕੀਤਾ।,0,0,1
2,ਕੂਏਂ ਦਾ ਮੱਛੀ,ਰਾਤ ਨੂੰ ਕੁੱਤਾ ਬਹੁਤ ਭੌਂਕਦਾ ਰਿਹਾ।,"ਕੂਏਂ ਦਾ ਮੱਛੀ ਸਿਰਫ਼ ਰੂਪਕ ਸੀ, ਪਰ ਇਸਦਾ ਮਤਲਬ ਕਾਫ਼ੀ ਡੂੰਘਾ ਸੀ।",ਫਿਰ ਸਾਰੇ ਆਪਣੇ ਕੰਮ ਵਿੱਚ ਲੱਗ ਗਏ।,1,1,1
3,ਅੱਗ ਲੱਗ ਜਾਣਾ,ਚਾਹ ਕਾਫ਼ੀ ਠੰਢੀ ਹੋ ਚੁੱਕੀ ਸੀ।,"ਅੱਗ ਲੱਗ ਜਾਣਾ ਸਿਰਫ਼ ਰੂਪਕ ਸੀ, ਪਰ ਇਸਦਾ ਮਤਲਬ ਕਾਫ਼ੀ ਡੂੰਘਾ ਸੀ।",ਉਸ ਤੋਂ ਬਾਅਦ ਮਾਹੌਲ ਸ਼ਾਂਤ ਹੋ ਗਿਆ।,1,1,1
4,ਮੇਹ ਵਰਗਾ ਰੋਣਾ,ਬਿਜਲੀ ਸਾਰਾ ਦਿਨ ਗਈ ਰਹੀ।,"ਮੇਹ ਵਰਗਾ ਰੋਣਾ ਸਿਰਫ਼ ਰੂਪਕ ਸੀ, ਪਰ ਇਸਦਾ ਮਤਲਬ ਕਾਫ਼ੀ ਡੂੰਘਾ ਸੀ।",ਫਿਰ ਉਸਨੇ ਘਰ ਜਾਣ ਦਾ ਫੈਸਲਾ ਕੀਤਾ।,1,1,1
5,ਚੁੱਬਣ ਲੱਗਣੀ,ਸਵੇਰੇ ਅਚਾਨਕ ਬੱਦਲ ਘਿਰ ਗਏ।,"ਚੁੱਬਣ ਲੱਗਣੀ ਸਿਰਫ਼ ਰੂਪਕ ਸੀ, ਪਰ ਇਸਦਾ ਮਤਲਬ ਕਾਫ਼ੀ ਡੂੰਘਾ ਸੀ।",ਫਿਰ ਵੀ ਸਭ ਕੁਝ ਠੀਕ ਹੋ ਗਿਆ ਸੀ।,1,0,0
6,ਗੱਲਾਂ ਦੇ ਪਹਾੜ ਬਣਾਉਣਾ,ਰਾਤ ਨੂੰ ਕੁੱਤਾ ਬਹੁਤ ਭੌਂਕਦਾ ਰਿਹਾ।,"ਗੱਲਾਂ ਦੇ ਪਹਾੜ ਬਣਾਉਣਾ ਸੱਚਮੁੱਚ ਹੋਇਆ ਸੀ, ਜਿਵੇਂ ਕਿ ਲੋਕ ਕਹਿੰਦੇ ਹਨ।",ਉਸ ਤੋਂ ਬਾਅਦ ਮਾਹੌਲ ਸ਼ਾਂਤ ਹੋ ਗਿਆ।,0,0,1
7,ਹਵਾ ਵਿੱਚ ਮਹਿਲ ਬਣਾਉਣਾ,ਕਲਾਸ ਵਿੱਚ ਨਵੀਂ ਅਧਿਆਪਕਾ ਆਈ ਸੀ।,"ਹਵਾ ਵਿੱਚ ਮਹਿਲ ਬਣਾਉਣਾ ਸੱਚਮੁੱਚ ਹੋਇਆ ਸੀ, ਜਿਵੇਂ ਕਿ ਲੋਕ ਕਹਿੰਦੇ ਹਨ।",ਫਿਰ ਵੀ ਸਭ ਕੁਝ ਠੀਕ ਹੋ ਗਿਆ ਸੀ।,0,0,1
8,ਚੁੱਬਣ ਲੱਗਣੀ,ਬਿਜਲੀ ਸਾਰਾ ਦਿਨ ਗਈ ਰਹੀ।,"ਚੁੱਬਣ ਲੱਗਣੀ ਸੱਚਮੁੱਚ ਹੋਇਆ ਸੀ, ਜਿਵੇਂ ਕਿ ਲੋਕ ਕਹਿੰਦੇ ਹਨ।",ਉਸ ਨੇ ਕਿਹਾ ਕਿ ਇਹ ਸਧਾਰਣ ਗੱਲ ਹੈ।,0,0,1
9,ਹਵਾ ਵਿੱਚ ਮਹਿਲ ਬਣਾਉਣਾ,ਖੇਤਾਂ ਵਿੱਚ ਅੱਜ ਕੰਮ ਜ਼ਿਆਦਾ ਸੀ।,"ਹਵਾ ਵਿੱਚ ਮਹਿਲ ਬਣਾਉਣਾ ਸੱਚਮੁੱਚ ਹੋਇਆ ਸੀ, ਜਿਵੇਂ ਕਿ ਲੋਕ ਕਹਿੰਦੇ ਹਨ।",ਉਸ ਤੋਂ ਬਾਅਦ ਮਾਹੌਲ ਸ਼ਾਂਤ ਹੋ ਗਿਆ।,0,0,1
10,ਧੁੱਪ ਛਾਂ ਵੇਖਣਾ,ਸਵੇਰੇ ਅਚਾਨਕ ਬੱਦਲ ਘਿਰ ਗਏ।,"ਧੁੱਪ ਛਾਂ ਵੇਖਣਾ ਸੱਚਮੁੱਚ ਹੋਇਆ ਸੀ, ਜਿਵੇਂ ਕਿ ਲੋਕ ਕਹਿੰਦੇ ਹਨ।",ਫਿਰ ਵੀ ਸਭ ਕੁਝ ਠੀਕ ਹੋ ਗਿਆ ਸੀ।,0,1,0
11,ਜਿੰਦ ਮਾਰ ਦੇਣਾ,ਅਸੀਂ ਫਿਲਮ ਦੇਖਣ ਗਏ ਸੀ।,"ਜਿੰਦ ਮਾਰ ਦੇਣਾ ਸਿਰਫ਼ ਰੂਪਕ ਸੀ, ਪਰ ਇਸਦਾ ਮਤਲਬ ਕਾਫ਼ੀ ਡੂੰਘਾ ਸੀ।",ਫਿਰ ਸਾਰੇ ਆਪਣੇ ਕੰਮ ਵਿੱਚ ਲੱਗ ਗਏ।,1,0,0
12,ਸਾਂਪ ਸੂਂਘ ਜਾਣਾ,ਸਵੇਰੇ ਅਚਾਨਕ ਬੱਦਲ ਘਿਰ ਗਏ।,"ਸਾਂਪ ਸੂਂਘ ਜਾਣਾ ਸਿਰਫ਼ ਰੂਪਕ ਸੀ, ਪਰ ਇਸਦਾ ਮਤਲਬ ਕਾਫ਼ੀ ਡੂੰਘਾ ਸੀ।",ਫਿਰ ਉਹ ਚੁੱਪਚਾਪ ਬੈਠ ਗਿਆ।,1,1,1
13,ਸਾਥ ਛੱਡ ਦੇਣਾ,ਖੇਤਾਂ ਵਿੱਚ ਅੱਜ ਕੰਮ ਜ਼ਿਆਦਾ ਸੀ।,"ਸਾਥ ਛੱਡ ਦੇਣਾ ਸਿਰਫ਼ ਰੂਪਕ ਸੀ, ਪਰ ਇਸਦਾ ਮਤਲਬ ਕਾਫ਼ੀ ਡੂੰਘਾ ਸੀ।",ਅੰਤ ਵਿੱਚ ਮਾਮਲਾ ਸੁਲਝ ਗਿਆ ਸੀ।,1,1,1
14,ਮੂੰਹ ਮਿੱਠਾ ਕਰਨਾ,ਕੱਲ੍ਹ ਬਾਜ਼ਾਰ ਵਿੱਚ ਕਾਫ਼ੀ ਭੀੜ ਸੀ।,"ਮੂੰਹ ਮਿੱਠਾ ਕਰਨਾ ਸਿਰਫ਼ ਰੂਪਕ ਸੀ, ਪਰ ਇਸਦਾ ਮਤਲਬ ਕਾਫ਼ੀ ਡੂੰਘਾ ਸੀ।",ਫਿਰ ਉਸਨੇ ਘਰ ਜਾਣ ਦਾ ਫੈਸਲਾ ਕੀਤਾ।,1,1,1
15,ਕੱਚ ਖਾਣਾ,ਬਿਜਲੀ ਸਾਰਾ ਦਿਨ ਗਈ ਰਹੀ।,"ਕੱਚ ਖਾਣਾ ਸਿਰਫ਼ ਰੂਪਕ ਸੀ, ਪਰ ਇਸਦਾ ਮਤਲਬ ਕਾਫ਼ੀ ਡੂੰਘਾ ਸੀ।",ਬਾਅਦ ਵਿੱਚ ਚਾਹ ਦਾ ਦੌਰ ਚੱਲਿਆ।,1,1,1
16,ਪੈਰਾਂ ਉਂਗਲੀਆਂ ਤੇ ਨਚਾਉਣਾ,ਕਲਾਸ ਵਿੱਚ ਨਵੀਂ ਅਧਿਆਪਕਾ ਆਈ ਸੀ।,"ਪੈਰਾਂ ਉਂਗਲੀਆਂ ਤੇ ਨਚਾਉਣਾ ਸਿਰਫ਼ ਰੂਪਕ ਸੀ, ਪਰ ਇਸਦਾ ਮਤਲਬ ਕਾਫ਼ੀ ਡੂੰਘਾ ਸੀ।",ਫਿਰ ਉਸਨੇ ਘਰ ਜਾਣ ਦਾ ਫੈਸਲਾ ਕੀਤਾ।,1,0,0
17,ਦੁਨੀਆ ਥੱਲੇ ਉੱਪਰ ਹੋ ਜਾਣੀ,ਸਵੇਰੇ ਅਚਾਨਕ ਬੱਦਲ ਘਿਰ ਗਏ।,"ਦੁਨੀਆ ਥੱਲੇ ਉੱਪਰ ਹੋ ਜਾਣੀ ਸਿਰਫ਼ ਰੂਪਕ ਸੀ, ਪਰ ਇਸਦਾ ਮਤਲਬ ਕਾਫ਼ੀ ਡੂੰਘਾ ਸੀ।",ਫਿਰ ਉਹ ਚੁੱਪਚਾਪ ਬੈਠ ਗਿਆ।,1,1,1
18,ਹਵਾ ਵਿੱਚ ਮਹਿਲ ਬਣਾਉਣਾ,ਕੰਮ ’ਤੇ ਜਾਣ ਵਕਤ ਟ੍ਰੈਫਿਕ ਬਹੁਤ ਸੀ।,"ਹਵਾ ਵਿੱਚ ਮਹਿਲ ਬਣਾਉਣਾ ਸੱਚਮੁੱਚ ਹੋਇਆ ਸੀ, ਜਿਵੇਂ ਕਿ ਲੋਕ ਕਹਿੰਦੇ ਹਨ।",ਅੰਤ ਵਿੱਚ ਮਾਮਲਾ ਸੁਲਝ ਗਿਆ ਸੀ।,0,0,1
19,ਘਰ ਦਾ ਭੇਦੀ,ਕੰਮ ’ਤੇ ਜਾਣ ਵਕਤ ਟ੍ਰੈਫਿਕ ਬਹੁਤ ਸੀ।,"ਘਰ ਦਾ ਭੇਦੀ ਸਿਰਫ਼ ਰੂਪਕ ਸੀ, ਪਰ ਇਸਦਾ ਮਤਲਬ ਕਾਫ਼ੀ ਡੂੰਘਾ ਸੀ।",ਉਸ ਤੋਂ ਬਾਅਦ ਮਾਹੌਲ ਸ਼ਾਂਤ ਹੋ ਗਿਆ।,1,0,0
20,ਸਾਥ ਛੱਡ ਦੇਣਾ,ਅਸੀਂ ਫਿਲਮ ਦੇਖਣ ਗਏ ਸੀ।,"ਸਾਥ ਛੱਡ ਦੇਣਾ ਸਿਰਫ਼ ਰੂਪਕ ਸੀ, ਪਰ ਇਸਦਾ ਮਤਲਬ ਕਾਫ਼ੀ ਡੂੰਘਾ ਸੀ।",ਫਿਰ ਉਸਨੇ ਘਰ ਜਾਣ ਦਾ ਫੈਸਲਾ ਕੀਤਾ।,1,0,0
21,ਧੁੱਪ ਛਾਂ ਵੇਖਣਾ,ਸਵੇਰੇ ਅਚਾਨਕ ਬੱਦਲ ਘਿਰ ਗਏ।,"ਧੁੱਪ ਛਾਂ ਵੇਖਣਾ ਸਿਰਫ਼ ਰੂਪਕ ਸੀ, ਪਰ ਇਸਦਾ ਮਤਲਬ ਕਾਫ਼ੀ ਡੂੰਘਾ ਸੀ।",ਬਾਅਦ ਵਿੱਚ ਸਭ ਨੇ ਹੱਸ ਕੇ ਗੱਲ ਕੀਤੀ।,1,1,1
22,ਮੇਹ ਵਰਗਾ ਰੋਣਾ,ਕਲਾਸ ਵਿੱਚ ਨਵੀਂ ਅਧਿਆਪਕਾ ਆਈ ਸੀ।,"ਮੇਹ ਵਰਗਾ ਰੋਣਾ ਸੱਚਮੁੱਚ ਹੋਇਆ ਸੀ, ਜਿਵੇਂ ਕਿ ਲੋਕ ਕਹਿੰਦੇ ਹਨ।",ਉਸ ਨੇ ਸੋਚਿਆ ਕਿ ਹੁਣ ਆਰਾਮ ਕਰੇ।,0,0,1
23,ਅੱਗ ਲੱਗ ਜਾਣਾ,ਆਜ ਰਸੋਈ ਤੋਂ ਬੜਾ ਸੁਗੰਧ ਆ ਰਿਹਾ ਸੀ।,"ਅੱਗ ਲੱਗ ਜਾਣਾ ਸਿਰਫ਼ ਰੂਪਕ ਸੀ, ਪਰ ਇਸਦਾ ਮਤਲਬ ਕਾਫ਼ੀ ਡੂੰਘਾ ਸੀ।",ਅੰਤ ਵਿੱਚ ਮਾਮਲਾ ਸੁਲਝ ਗਿਆ ਸੀ।,1,0,0
24,ਤਾਰਿਆਂ ਨੂੰ ਛੂਹਣਾ,ਕਲਾਸ ਵਿੱਚ ਨਵੀਂ ਅਧਿਆਪਕਾ ਆਈ ਸੀ।,"ਤਾਰਿਆਂ ਨੂੰ ਛੂਹਣਾ ਸੱਚਮੁੱਚ ਹੋਇਆ ਸੀ, ਜਿਵੇਂ ਕਿ ਲੋਕ ਕਹਿੰਦੇ ਹਨ।",ਅੰਤ ਵਿੱਚ ਮਾਮਲਾ ਸੁਲਝ ਗਿਆ ਸੀ।,0,0,1
25,ਦਿਲ ਦੇ ਦਰਵਾਜ਼ੇ ਖੁਲ ਜਾਣੇ,ਰਾਤ ਨੂੰ ਕੁੱਤਾ ਬਹੁਤ ਭੌਂਕਦਾ ਰਿਹਾ।,"ਦਿਲ ਦੇ ਦਰਵਾਜ਼ੇ ਖੁਲ ਜਾਣੇ ਸੱਚਮੁੱਚ ਹੋਇਆ ਸੀ, ਜਿਵੇਂ ਕਿ ਲੋਕ ਕਹਿੰਦੇ ਹਨ।",ਅੰਤ ਵਿੱਚ ਮਾਮਲਾ ਸੁਲਝ ਗਿਆ ਸੀ।,0,1,0
26,ਦੁਨੀਆ ਥੱਲੇ ਉੱਪਰ ਹੋ ਜਾਣੀ,ਅਸੀਂ ਫਿਲਮ ਦੇਖਣ ਗਏ ਸੀ।,"ਦੁਨੀਆ ਥੱਲੇ ਉੱਪਰ ਹੋ ਜਾਣੀ ਸਿਰਫ਼ ਰੂਪਕ ਸੀ, ਪਰ ਇਸਦਾ ਮਤਲਬ ਕਾਫ਼ੀ ਡੂੰਘਾ ਸੀ।",ਉਸ ਨੇ ਕਿਹਾ ਕਿ ਇਹ ਸਧਾਰਣ ਗੱਲ ਹੈ।,1,0,0
27,ਕੰਨ ਖੜੇ ਹੋ ਜਾਣੇ,ਕੰਮ ’ਤੇ ਜਾਣ ਵਕਤ ਟ੍ਰੈਫਿਕ ਬਹੁਤ ਸੀ।,"ਕੰਨ ਖੜੇ ਹੋ ਜਾਣੇ ਸੱਚਮੁੱਚ ਹੋਇਆ ਸੀ, ਜਿਵੇਂ ਕਿ ਲੋਕ ਕਹਿੰਦੇ ਹਨ।",ਅੰਤ ਵਿੱਚ ਮਾਮਲਾ ਸੁਲਝ ਗਿਆ ਸੀ।,0,1,0
28,ਦਿਲ ਹੱਥ ਵਿਚ ਆ ਜਾਣਾ,ਖੇਤਾਂ ਵਿੱਚ ਅੱਜ ਕੰਮ ਜ਼ਿਆਦਾ ਸੀ।,"ਦਿਲ ਹੱਥ ਵਿਚ ਆ ਜਾਣਾ ਸਿਰਫ਼ ਰੂਪਕ ਸੀ, ਪਰ ਇਸਦਾ ਮਤਲਬ ਕਾਫ਼ੀ ਡੂੰਘਾ ਸੀ।",ਉਸ ਤੋਂ ਬਾਅਦ ਮਾਹੌਲ ਸ਼ਾਂਤ ਹੋ ਗਿਆ।,1,0,0
29,ਮੂੰਹ ਮਿੱਠਾ ਕਰਨਾ,ਕੱਲ੍ਹ ਬਾਜ਼ਾਰ ਵਿੱਚ ਕਾਫ਼ੀ ਭੀੜ ਸੀ।,"ਮੂੰਹ ਮਿੱਠਾ ਕਰਨਾ ਸਿਰਫ਼ ਰੂਪਕ ਸੀ, ਪਰ ਇਸਦਾ ਮਤਲਬ ਕਾਫ਼ੀ ਡੂੰਘਾ ਸੀ।",ਉਸ ਨੇ ਕਿਹਾ ਕਿ ਇਹ ਸਧਾਰਣ ਗੱਲ ਹੈ।,1,1,1
30,ਮੂੰਹ ਤੇ ਤਾਲਾ ਲੱਗਣਾ,ਕੱਲ੍ਹ ਬਾਜ਼ਾਰ ਵਿੱਚ ਕਾਫ਼ੀ ਭੀੜ ਸੀ।,"ਮੂੰਹ ਤੇ ਤਾਲਾ ਲੱਗਣਾ ਸੱਚਮੁੱਚ ਹੋਇਆ ਸੀ, ਜਿਵੇਂ ਕਿ ਲੋਕ ਕਹਿੰਦੇ ਹਨ।",ਫਿਰ ਸਾਰੇ ਆਪਣੇ ਕੰਮ ਵਿੱਚ ਲੱਗ ਗਏ।,0,0,1
31,ਰੋਟੀ ਦੀ ਕਸਮ ਖਾਣਾ,ਸਵੇਰੇ ਅਚਾਨਕ ਬੱਦਲ ਘਿਰ ਗਏ।,"ਰੋਟੀ ਦੀ ਕਸਮ ਖਾਣਾ ਸਿਰਫ਼ ਰੂਪਕ ਸੀ, ਪਰ ਇਸਦਾ ਮਤਲਬ ਕਾਫ਼ੀ ਡੂੰਘਾ ਸੀ।",ਫਿਰ ਸਾਰੇ ਆਪਣੇ ਕੰਮ ਵਿੱਚ ਲੱਗ ਗਏ।,1,1,1
32,ਜਿੰਦ ਮਾਰ ਦੇਣਾ,ਕੰਮ ’ਤੇ ਜਾਣ ਵਕਤ ਟ੍ਰੈਫਿਕ ਬਹੁਤ ਸੀ।,"ਜਿੰਦ ਮਾਰ ਦੇਣਾ ਸਿਰਫ਼ ਰੂਪਕ ਸੀ, ਪਰ ਇਸਦਾ ਮਤਲਬ ਕਾਫ਼ੀ ਡੂੰਘਾ ਸੀ।",ਅੰਤ ਵਿੱਚ ਮਾਮਲਾ ਸੁਲਝ ਗਿਆ ਸੀ।,1,0,0
33,ਪੈਰ ਪਿੱਛੇ ਹਟ ਜਾਣੇ,ਆਜ ਰਸੋਈ ਤੋਂ ਬੜਾ ਸੁਗੰਧ ਆ ਰਿਹਾ ਸੀ।,"ਪੈਰ ਪਿੱਛੇ ਹਟ ਜਾਣੇ ਸੱਚਮੁੱਚ ਹੋਇਆ ਸੀ, ਜਿਵੇਂ ਕਿ ਲੋਕ ਕਹਿੰਦੇ ਹਨ।",ਉਸ ਨੇ ਸੋਚਿਆ ਕਿ ਹੁਣ ਆਰਾਮ ਕਰੇ।,0,0,1
34,ਕੰਨ ਖੜੇ ਹੋ ਜਾਣੇ,ਕਲਾਸ ਵਿੱਚ ਨਵੀਂ ਅਧਿਆਪਕਾ ਆਈ ਸੀ।,"ਕੰਨ ਖੜੇ ਹੋ ਜਾਣੇ ਸਿਰਫ਼ ਰੂਪਕ ਸੀ, ਪਰ ਇਸਦਾ ਮਤਲਬ ਕਾਫ਼ੀ ਡੂੰਘਾ ਸੀ।",ਫਿਰ ਵੀ ਸਭ ਕੁਝ ਠੀਕ ਹੋ ਗਿਆ ਸੀ।,1,1,1
35,ਕੂਏਂ ਦਾ ਮੱਛੀ,ਕੱਲ੍ਹ ਬਾਜ਼ਾਰ ਵਿੱਚ ਕਾਫ਼ੀ ਭੀੜ ਸੀ।,"ਕੂਏਂ ਦਾ ਮੱਛੀ ਸੱਚਮੁੱਚ ਹੋਇਆ ਸੀ, ਜਿਵੇਂ ਕਿ ਲੋਕ ਕਹਿੰਦੇ ਹਨ।",ਉਸ ਤੋਂ ਬਾਅਦ ਮਾਹੌਲ ਸ਼ਾਂਤ ਹੋ ਗਿਆ।,0,0,1
36,ਕਾਰ ਵਿਚ ਅੱਗ ਲੱਗ ਜਾਣਾ,ਕਲਾਸ ਵਿੱਚ ਨਵੀਂ ਅਧਿਆਪਕਾ ਆਈ ਸੀ।,"ਕਾਰ ਵਿਚ ਅੱਗ ਲੱਗ ਜਾਣਾ ਸੱਚਮੁੱਚ ਹੋਇਆ ਸੀ, ਜਿਵੇਂ ਕਿ ਲੋਕ ਕਹਿੰਦੇ ਹਨ।",ਅੰਤ ਵਿੱਚ ਮਾਮਲਾ ਸੁਲਝ ਗਿਆ ਸੀ।,0,0,1
37,ਚੁੱਬਣ ਲੱਗਣੀ,ਆਜ ਰਸੋਈ ਤੋਂ ਬੜਾ ਸੁਗੰਧ ਆ ਰਿਹਾ ਸੀ।,"ਚੁੱਬਣ ਲੱਗਣੀ ਸੱਚਮੁੱਚ ਹੋਇਆ ਸੀ, ਜਿਵੇਂ ਕਿ ਲੋਕ ਕਹਿੰਦੇ ਹਨ।",ਬਾਅਦ ਵਿੱਚ ਸਭ ਨੇ ਹੱਸ ਕੇ ਗੱਲ ਕੀਤੀ।,0,0,1
38,ਹਵਾ ਵਿੱਚ ਮਹਿਲ ਬਣਾਉਣਾ,ਚਾਹ ਕਾਫ਼ੀ ਠੰਢੀ ਹੋ ਚੁੱਕੀ ਸੀ।,"ਹਵਾ ਵਿੱਚ ਮਹਿਲ ਬਣਾਉਣਾ ਸੱਚਮੁੱਚ ਹੋਇਆ ਸੀ, ਜਿਵੇਂ ਕਿ ਲੋਕ ਕਹਿੰਦੇ ਹਨ।",ਫਿਰ ਵੀ ਸਭ ਕੁਝ ਠੀਕ ਹੋ ਗਿਆ ਸੀ।,0,0,1
39,ਤਾਰਿਆਂ ਨੂੰ ਛੂਹਣਾ,ਕਲਾਸ ਵਿੱਚ ਨਵੀਂ ਅਧਿਆਪਕਾ ਆਈ ਸੀ।,"ਤਾਰਿਆਂ ਨੂੰ ਛੂਹਣਾ ਸੱਚਮੁੱਚ ਹੋਇਆ ਸੀ, ਜਿਵੇਂ ਕਿ ਲੋਕ ਕਹਿੰਦੇ ਹਨ।",ਫਿਰ ਉਹ ਚੁੱਪਚਾਪ ਬੈਠ ਗਿਆ।,0,0,1
40,ਕੱਚ ਖਾਣਾ,ਕੱਲ੍ਹ ਬਾਜ਼ਾਰ ਵਿੱਚ ਕਾਫ਼ੀ ਭੀੜ ਸੀ।,"ਕੱਚ ਖਾਣਾ ਸੱਚਮੁੱਚ ਹੋਇਆ ਸੀ, ਜਿਵੇਂ ਕਿ ਲੋਕ ਕਹਿੰਦੇ ਹਨ।",ਉਸ ਨੇ ਕਿਹਾ ਕਿ ਇਹ ਸਧਾਰਣ ਗੱਲ ਹੈ।,0,1,0
41,ਲੱਤਾਂ ਕੰਬਣਾਂ,ਸਵੇਰੇ ਅਚਾਨਕ ਬੱਦਲ ਘਿਰ ਗਏ।,"ਲੱਤਾਂ ਕੰਬਣਾਂ ਸੱਚਮੁੱਚ ਹੋਇਆ ਸੀ, ਜਿਵੇਂ ਕਿ ਲੋਕ ਕਹਿੰਦੇ ਹਨ।",ਅੰਤ ਵਿੱਚ ਮਾਮਲਾ ਸੁਲਝ ਗਿਆ ਸੀ।,0,0,1
42,ਹਵਾ ਵਿੱਚ ਮਹਿਲ ਬਣਾਉਣਾ,ਕਲਾਸ ਵਿੱਚ ਨਵੀਂ ਅਧਿਆਪਕਾ ਆਈ ਸੀ।,"ਹਵਾ ਵਿੱਚ ਮਹਿਲ ਬਣਾਉਣਾ ਸੱਚਮੁੱਚ ਹੋਇਆ ਸੀ, ਜਿਵੇਂ ਕਿ ਲੋਕ ਕਹਿੰਦੇ ਹਨ।",ਉਸ ਨੇ ਸੋਚਿਆ ਕਿ ਹੁਣ ਆਰਾਮ ਕਰੇ।,0,0,1
43,ਮੇਹ ਵਰਗਾ ਰੋਣਾ,ਚਾਹ ਕਾਫ਼ੀ ਠੰਢੀ ਹੋ ਚੁੱਕੀ ਸੀ।,"ਮੇਹ ਵਰਗਾ ਰੋਣਾ ਸਿਰਫ਼ ਰੂਪਕ ਸੀ, ਪਰ ਇਸਦਾ ਮਤਲਬ ਕਾਫ਼ੀ ਡੂੰਘਾ ਸੀ।",ਬਾਅਦ ਵਿੱਚ ਚਾਹ ਦਾ ਦੌਰ ਚੱਲਿਆ।,1,1,1
44,ਦਿਲ ਨੂੰ ਚੈਨ ਨਾ ਪੈਣਾ,ਰਾਤ ਨੂੰ ਕੁੱਤਾ ਬਹੁਤ ਭੌਂਕਦਾ ਰਿਹਾ।,"ਦਿਲ ਨੂੰ ਚੈਨ ਨਾ ਪੈਣਾ ਸਿਰਫ਼ ਰੂਪਕ ਸੀ, ਪਰ ਇਸਦਾ ਮਤਲਬ ਕਾਫ਼ੀ ਡੂੰਘਾ ਸੀ।",ਬਾਅਦ ਵਿੱਚ ਸਭ ਨੇ ਹੱਸ ਕੇ ਗੱਲ ਕੀਤੀ।,1,0,0
45,ਮੂੰਹ ਮਿੱਠਾ ਕਰਨਾ,ਕੱਲ੍ਹ ਬਾਜ਼ਾਰ ਵਿੱਚ ਕਾਫ਼ੀ ਭੀੜ ਸੀ।,"ਮੂੰਹ ਮਿੱਠਾ ਕਰਨਾ ਸੱਚਮੁੱਚ ਹੋਇਆ ਸੀ, ਜਿਵੇਂ ਕਿ ਲੋਕ ਕਹਿੰਦੇ ਹਨ।",ਬਾਅਦ ਵਿੱਚ ਸਭ ਨੇ ਹੱਸ ਕੇ ਗੱਲ ਕੀਤੀ।,0,0,1
46,ਪੀਠ ਪਿੱਛੇ ਛੁਰਾ ਮਾਰਣਾ,ਖੇਤਾਂ ਵਿੱਚ ਅੱਜ ਕੰਮ ਜ਼ਿਆਦਾ ਸੀ।,"ਪੀਠ ਪਿੱਛੇ ਛੁਰਾ ਮਾਰਣਾ ਸੱਚਮੁੱਚ ਹੋਇਆ ਸੀ, ਜਿਵੇਂ ਕਿ ਲੋਕ ਕਹਿੰਦੇ ਹਨ।",ਫਿਰ ਉਹ ਚੁੱਪਚਾਪ ਬੈਠ ਗਿਆ।,0,0,1
47,ਮੂੰਹ ਮਿੱਠਾ ਕਰਨਾ,ਚਾਹ ਕਾਫ਼ੀ ਠੰਢੀ ਹੋ ਚੁੱਕੀ ਸੀ।,"ਮੂੰਹ ਮਿੱਠਾ ਕਰਨਾ ਸੱਚਮੁੱਚ ਹੋਇਆ ਸੀ, ਜਿਵੇਂ ਕਿ ਲੋਕ ਕਹਿੰਦੇ ਹਨ।",ਫਿਰ ਉਸਨੇ ਘਰ ਜਾਣ ਦਾ ਫੈਸਲਾ ਕੀਤਾ।,0,0,1
48,ਹੱਥ ਖੜੇ ਕਰ ਦੇਣਾ,ਖੇਤਾਂ ਵਿੱਚ ਅੱਜ ਕੰਮ ਜ਼ਿਆਦਾ ਸੀ।,"ਹੱਥ ਖੜੇ ਕਰ ਦੇਣਾ ਸਿਰਫ਼ ਰੂਪਕ ਸੀ, ਪਰ ਇਸਦਾ ਮਤਲਬ ਕਾਫ਼ੀ ਡੂੰਘਾ ਸੀ।",ਉਸ ਤੋਂ ਬਾਅਦ ਮਾਹੌਲ ਸ਼ਾਂਤ ਹੋ ਗਿਆ।,1,1,1
49,ਤੂਫ਼ਾਨ ਵਰਗਾ ਗੁੱਸਾ,ਕੰਮ ’ਤੇ ਜਾਣ ਵਕਤ ਟ੍ਰੈਫਿਕ ਬਹੁਤ ਸੀ।,"ਤੂਫ਼ਾਨ ਵਰਗਾ ਗੁੱਸਾ ਸਿਰਫ਼ ਰੂਪਕ ਸੀ, ਪਰ ਇਸਦਾ ਮਤਲਬ ਕਾਫ਼ੀ ਡੂੰਘਾ ਸੀ।",ਬਾਅਦ ਵਿੱਚ ਚਾਹ ਦਾ ਦੌਰ ਚੱਲਿਆ।,1,0,0
50,ਦਿਲ ਦੇ ਦਰਵਾਜ਼ੇ ਖੁਲ ਜਾਣੇ,ਕਲਾਸ ਵਿੱਚ ਨਵੀਂ ਅਧਿਆਪਕਾ ਆਈ ਸੀ।,"ਦਿਲ ਦੇ ਦਰਵਾਜ਼ੇ ਖੁਲ ਜਾਣੇ ਸੱਚਮੁੱਚ ਹੋਇਆ ਸੀ, ਜਿਵੇਂ ਕਿ ਲੋਕ ਕਹਿੰਦੇ ਹਨ।",ਫਿਰ ਸਾਰੇ ਆਪਣੇ ਕੰਮ ਵਿੱਚ ਲੱਗ ਗਏ।,0,1,0
